origin_city,dest_city,origin_airport,dest_airport,departure,arrival,airline,operated_by,duration,stops,co2,emissions_vs_avg,price
AUS,BNA,AUS,BNA,6:40 AM,8:45 AM,Southwest,,2 hr 5 min,Nonstop,122 kg CO2e,-34% emissions,$119
AUS,BNA,AUS,BNA,8:15 AM,10:20 AM,Southwest,,2 hr 5 min,Nonstop,122 kg CO2e,-34% emissions,$119
AUS,BNA,AUS,BNA,8:54 AM,11:08 AM,Delta,SkyWest DBA Delta Connection,2 hr 14 min,Nonstop,152 kg CO2e,-18% emissions,$119
AUS,BNA,AUS,BNA,1:40 PM,3:45 PM,Southwest,,2 hr 5 min,Nonstop,108 kg CO2e,-42% emissions,$200
AUS,BNA,AUS,BNA,3:11 PM,5:40 PM,Delta,SkyWest DBA Delta Connection,2 hr 29 min,Nonstop,152 kg CO2e,-18% emissions,$119
AUS,BNA,AUS,BNA,3:30 PM,5:35 PM,Southwest,,2 hr 5 min,Nonstop,108 kg CO2e,-42% emissions,$228
AUS,BNA,AUS,BNA,5:25 PM,7:30 PM,Southwest,,2 hr 5 min,Nonstop,108 kg CO2e,-42% emissions,$190
AUS,BNA,AUS,BNA,6:35 PM,8:51 PM,Delta,SkyWest DBA Delta Connection,2 hr 16 min,Nonstop,152 kg CO2e,-18% emissions,$119
AUS,BNA,AUS,BNA,10:30 PM,12:35 AM+1,Southwest,,2 hr 5 min,Nonstop,108 kg CO2e,-42% emissions,$119
AUS,CHS,AUS,CHS,12:20 PM,3:50 PM,Southwest,,2 hr 30 min,Nonstop,149 kg CO2e,-26% emissions,$225
AUS,NYC,AUS,JFK,6:09 AM,11:00 AM,American,,3 hr 51 min,Nonstop,170 kg CO2e,-33% emissions,$169
AUS,NYC,AUS,JFK,7:30 AM,12:19 PM,Delta,,3 hr 49 min,Nonstop,207 kg CO2e,-18% emissions,$349
AUS,NYC,AUS,EWR,8:00 AM,12:49 PM,United,,3 hr 49 min,Nonstop,234 kg CO2e,-7% emissions,$425
AUS,NYC,AUS,EWR,9:25 AM,1:54 PM,Spirit,,3 hr 29 min,Nonstop,200 kg CO2e,-21% emissions,$209
AUS,NYC,AUS,EWR,10:40 AM,3:28 PM,United,,3 hr 48 min,Nonstop,168 kg CO2e,-33% emissions,$425
AUS,NYC,AUS,JFK,11:20 AM,4:19 PM,Delta,,3 hr 59 min,Nonstop,177 kg CO2e,-30% emissions,$539
AUS,NYC,AUS,JFK,11:50 AM,4:43 PM,American,,3 hr 53 min,Nonstop,170 kg CO2e,-33% emissions,$486
AUS,NYC,AUS,EWR,3:44 PM,8:30 PM,United,,3 hr 46 min,Nonstop,201 kg CO2e,-20% emissions,$425
AUS,NYC,AUS,JFK,3:55 PM,9:01 PM,Delta,,4 hr 6 min,Nonstop,207 kg CO2e,-18% emissions,$439
AUS,NYC,AUS,JFK,5:03 PM,9:59 PM,American,,3 hr 56 min,Nonstop,201 kg CO2e,-20% emissions,$314
AUS,NYC,AUS,EWR,5:43 PM,10:30 PM,United,,3 hr 47 min,Nonstop,168 kg CO2e,-33% emissions,$425
AUS,NYC,AUS,JFK,6:00 PM,11:00 PM,Delta,,4 hr,Nonstop,207 kg CO2e,-18% emissions,$349
AUS,NYC,AUS,EWR,7:18 PM,11:59 PM,Spirit,,3 hr 41 min,Nonstop,200 kg CO2e,-21% emissions,$104
AUS,ORD,AUS,ORD,6:42 AM,9:35 AM,American,,2 hr 53 min,Nonstop,174 kg CO2e,-14% emissions,$129
AUS,ORD,AUS,ORD,7:00 AM,9:50 AM,United,,2 hr 50 min,Nonstop,161 kg CO2e,-20% emissions,$202
AUS,ORD,AUS,ORD,8:45 AM,11:36 AM,United,,2 hr 51 min,Nonstop,149 kg CO2e,-26% emissions,$220
AUS,ORD,AUS,ORD,10:30 AM,1:15 PM,Southwest,,2 hr 45 min,Nonstop,161 kg CO2e,-20% emissions,$290
AUS,ORD,AUS,ORD,10:56 AM,1:49 PM,American,,2 hr 53 min,Nonstop,146 kg CO2e,-28% emissions,$198
AUS,ORD,AUS,ORD,12:16 PM,3:05 PM,American,,2 hr 49 min,Nonstop,174 kg CO2e,-14% emissions,$290
AUS,ORD,AUS,ORD,1:35 PM,4:26 PM,United,,2 hr 51 min,Nonstop,149 kg CO2e,-26% emissions,$363
AUS,ORD,AUS,ORD,3:40 PM,6:32 PM,United,,2 hr 52 min,Nonstop,179 kg CO2e,-11% emissions,$355
AUS,ORD,AUS,ORD,5:45 PM,8:37 PM,United,,2 hr 52 min,Nonstop,149 kg CO2e,-26% emissions,$252
AUS,ORD,AUS,ORD,6:39 PM,9:33 PM,American,,2 hr 54 min,Nonstop,146 kg CO2e,-28% emissions,$198
BNA,AUS,BNA,AUS,5:00 AM,7:20 AM,Southwest,,2 hr 20 min,Nonstop,115 kg CO2e,-37% emissions,$119
BNA,AUS,BNA,AUS,7:05 AM,9:39 AM,Delta,SkyWest DBA Delta Connection,2 hr 34 min,Nonstop,152 kg CO2e,-17% emissions,$119
BNA,AUS,BNA,AUS,7:40 AM,10:05 AM,Southwest,,2 hr 25 min,Nonstop,115 kg CO2e,-37% emissions,$214
BNA,AUS,BNA,AUS,10:20 AM,12:45 PM,Southwest,,2 hr 25 min,Nonstop,130 kg CO2e,-29% emissions,$264
BNA,AUS,BNA,AUS,11:48 AM,2:29 PM,Delta,SkyWest DBA Delta Connection,2 hr 41 min,Nonstop,152 kg CO2e,-17% emissions,$229
BNA,AUS,BNA,AUS,12:50 PM,3:15 PM,Southwest,,2 hr 25 min,Nonstop,130 kg CO2e,-29% emissions,$264
BNA,AUS,BNA,AUS,4:15 PM,6:40 PM,Southwest,,2 hr 25 min,Nonstop,115 kg CO2e,-37% emissions,$357
BNA,AUS,BNA,AUS,6:20 PM,9:00 PM,Delta,SkyWest DBA Delta Connection,2 hr 40 min,Nonstop,152 kg CO2e,-17% emissions,$289
BNA,AUS,BNA,AUS,6:55 PM,9:20 PM,Southwest,,2 hr 25 min,Nonstop,115 kg CO2e,-37% emissions,$264
BNA,AUS,BNA,AUS,10:25 PM,12:45 AM+1,Southwest,,2 hr 20 min,Nonstop,115 kg CO2e,-37% emissions,$119
BNA,CHS,BNA,CHS,9:35 AM,12:00 PM,Southwest,,1 hr 25 min,Nonstop,74 kg CO2e,-16% emissions,$269
BNA,CHS,BNA,CHS,3:50 PM,6:15 PM,Southwest,,1 hr 25 min,Nonstop,74 kg CO2e,-16% emissions,$269
BNA,CHS,BNA,CHS,7:05 PM,9:30 PM,Southwest,,1 hr 25 min,Nonstop,98 kg CO2e,+11% emissions,$195
BNA,NYC,BNA,LGA,6:00 AM,9:32 AM,Delta,Endeavor Air DBA Delta Connection,2 hr 32 min,Nonstop,182 kg CO2e,,$229
BNA,NYC,BNA,LGA,6:10 AM,9:30 AM,Southwest,,2 hr 20 min,Nonstop,138 kg CO2e,,$183
BNA,NYC,BNA,JFK,7:10 AM,10:41 AM,Delta,Endeavor Air DBA Delta Connection,2 hr 31 min,Nonstop,199 kg CO2e,,$439
BNA,NYC,BNA,EWR,7:25 AM,10:48 AM,United,,2 hr 23 min,Nonstop,137 kg CO2e,,$233
BNA,NYC,BNA,EWR,8:35 AM,11:57 AM,United,,2 hr 22 min,Nonstop,97 kg CO2e,,$354
BNA,NYC,BNA,LGA,9:40 AM,1:10 PM,Delta,Endeavor Air DBA Delta Connection,2 hr 30 min,Nonstop,182 kg CO2e,,$479
BNA,NYC,BNA,JFK,9:50 AM,1:18 PM,JetBlue,,2 hr 28 min,Nonstop,157 kg CO2e,,$399
BNA,NYC,BNA,JFK,10:00 AM,1:29 PM,Delta,Endeavor Air DBA Delta Connection,2 hr 29 min,Nonstop,199 kg CO2e,,$659
BNA,NYC,BNA,JFK,10:28 AM,1:59 PM,American,Republic Airways as American Eagle,2 hr 31 min,Nonstop,182 kg CO2e,,$323
BNA,NYC,BNA,LGA,11:00 AM,2:20 PM,Southwest,,2 hr 20 min,Nonstop,118 kg CO2e,,$368
BNA,NYC,BNA,JFK,11:23 AM,2:59 PM,American,Republic Airways as American Eagle,2 hr 36 min,Nonstop,182 kg CO2e,,$323
BNA,NYC,BNA,LGA,11:31 AM,3:02 PM,American,Republic Airways as American Eagle,2 hr 31 min,Nonstop,170 kg CO2e,,$430
BNA,NYC,BNA,EWR,12:01 PM,3:28 PM,United,Republic Airways DBA United Express,2 hr 27 min,Nonstop,155 kg CO2e,,$549
BNA,NYC,BNA,LGA,1:00 PM,4:34 PM,Delta,Endeavor Air DBA Delta Connection,2 hr 34 min,Nonstop,182 kg CO2e,,$619
BNA,NYC,BNA,LGA,1:40 PM,5:00 PM,Southwest,,2 hr 20 min,Nonstop,138 kg CO2e,,$326
BNA,NYC,BNA,JFK,1:48 PM,5:30 PM,Delta,Endeavor Air DBA Delta Connection,2 hr 42 min,Nonstop,199 kg CO2e,,$439
BNA,NYC,BNA,EWR,2:04 PM,5:30 PM,United,,2 hr 26 min,Nonstop,143 kg CO2e,,$506
BNA,NYC,BNA,LGA,2:11 PM,5:43 PM,American,Republic Airways as American Eagle,2 hr 32 min,Nonstop,170 kg CO2e,,$507
BNA,NYC,BNA,EWR,4:25 PM,7:51 PM,United,,2 hr 26 min,Nonstop,137 kg CO2e,,$354
BNA,NYC,BNA,LGA,5:00 PM,8:25 PM,Southwest,,2 hr 25 min,Nonstop,104 kg CO2e,,$364
BNA,NYC,BNA,LGA,5:00 PM,8:30 PM,Delta,,2 hr 30 min,Nonstop,150 kg CO2e,,$479
BNA,NYC,BNA,LGA,5:57 PM,9:29 PM,American,Republic Airways as American Eagle,2 hr 32 min,Nonstop,170 kg CO2e,,$430
BNA,NYC,BNA,JFK,6:27 PM,10:09 PM,Delta,Endeavor Air DBA Delta Connection,2 hr 42 min,Nonstop,199 kg CO2e,,$439
BNA,NYC,BNA,EWR,7:34 PM,11:00 PM,United,,2 hr 26 min,Nonstop,137 kg CO2e,,$354
BNA,NYC,BNA,LGA,7:35 PM,11:05 PM,Delta,Endeavor Air DBA Delta Connection,2 hr 30 min,Nonstop,182 kg CO2e,,$369
BNA,NYC,BNA,LGA,8:05 PM,11:25 PM,Southwest,,2 hr 20 min,Nonstop,104 kg CO2e,,$274
BNA,ORD,BNA,ORD,5:00 AM,6:52 AM,American,Envoy Air as American Eagle,1 hr 52 min,Nonstop,127 kg CO2e,+20% emissions,$169
BNA,ORD,BNA,ORD,6:00 AM,7:53 AM,United,,1 hr 53 min,Nonstop,85 kg CO2e,-20% emissions,$179
BNA,ORD,BNA,ORD,6:42 AM,8:53 AM,American,SkyWest Airlines as American Eagle,2 hr 11 min,Nonstop,154 kg CO2e,+45% emissions,$169
BNA,ORD,BNA,ORD,7:35 AM,9:28 AM,United,,1 hr 53 min,Nonstop,103 kg CO2e,Avg emissions,$179
BNA,ORD,BNA,ORD,9:06 AM,11:05 AM,American,SkyWest Airlines as American Eagle,1 hr 59 min,Nonstop,154 kg CO2e,+45% emissions,$265
BNA,ORD,BNA,ORD,9:52 AM,11:45 AM,United,,1 hr 53 min,Nonstop,91 kg CO2e,-14% emissions,$308
BNA,ORD,BNA,ORD,10:24 AM,12:22 PM,American,Envoy Air as American Eagle,1 hr 58 min,Nonstop,127 kg CO2e,+20% emissions,$265
BNA,ORD,BNA,ORD,11:00 AM,12:50 PM,Southwest,,1 hr 50 min,Nonstop,84 kg CO2e,-21% emissions,$200
BNA,ORD,BNA,ORD,11:45 AM,1:43 PM,United,,1 hr 58 min,Nonstop,98 kg CO2e,-8% emissions,$297
BNA,ORD,BNA,ORD,1:12 PM,3:14 PM,American,Envoy Air as American Eagle,2 hr 2 min,Nonstop,145 kg CO2e,+37% emissions,$352
BNA,ORD,BNA,ORD,2:46 PM,4:44 PM,United,,1 hr 58 min,Nonstop,103 kg CO2e,Avg emissions,$430
BNA,ORD,BNA,ORD,2:54 PM,4:57 PM,American,Republic Airways as American Eagle,2 hr 3 min,Nonstop,127 kg CO2e,+20% emissions,$265
BNA,ORD,BNA,ORD,4:58 PM,7:05 PM,United,SkyWest DBA United Express,2 hr 7 min,Nonstop,108 kg CO2e,Avg emissions,$578
BNA,ORD,BNA,ORD,5:04 PM,7:14 PM,American,Envoy Air as American Eagle,2 hr 10 min,Nonstop,127 kg CO2e,+20% emissions,$200
BNA,ORD,BNA,ORD,6:39 PM,8:38 PM,United,,1 hr 59 min,Nonstop,91 kg CO2e,-14% emissions,$199
BNA,ORD,BNA,ORD,6:47 PM,9:00 PM,American,Envoy Air as American Eagle,2 hr 13 min,Nonstop,127 kg CO2e,+20% emissions,$200
BNA,ORD,BNA,ORD,7:23 PM,9:29 PM,American,Envoy Air as American Eagle,2 hr 6 min,Nonstop,127 kg CO2e,+20% emissions,$169
BNA,ORD,BNA,ORD,8:15 PM,10:14 PM,United,,1 hr 59 min,Nonstop,73 kg CO2e,-31% emissions,$179
CHS,AUS,CHS,AUS,12:40 PM,2:35 PM,Southwest,,2 hr 55 min,Nonstop,134 kg CO2e,-32% emissions,$459
CHS,BNA,CHS,BNA,6:15 AM,6:50 AM,Southwest,,1 hr 35 min,Nonstop,77 kg CO2e,-11% emissions,$195
CHS,BNA,CHS,BNA,2:00 PM,2:35 PM,Southwest,,1 hr 35 min,Nonstop,103 kg CO2e,+18% emissions,$514
CHS,BNA,CHS,BNA,8:50 PM,9:25 PM,Southwest,,1 hr 35 min,Nonstop,87 kg CO2e,Avg emissions,$278
CHS,NYC,CHS,JFK,6:00 AM,8:00 AM,Delta,Endeavor Air DBA Delta Connection,2 hr,Nonstop,143 kg CO2e,+17% emissions,$409
CHS,NYC,CHS,EWR,7:00 AM,8:59 AM,United,,1 hr 59 min,Nonstop,89 kg CO2e,-27% emissions,$313
CHS,NYC,CHS,LGA,7:00 AM,8:59 AM,Delta,Endeavor Air DBA Delta Connection,1 hr 59 min,Nonstop,151 kg CO2e,+24% emissions,$479
CHS,NYC,CHS,LGA,7:00 AM,9:07 AM,American,Republic Airways as American Eagle,2 hr 7 min,Nonstop,139 kg CO2e,+14% emissions,$519
CHS,NYC,CHS,JFK,11:00 AM,12:59 PM,JetBlue,,1 hr 59 min,Nonstop,130 kg CO2e,+7% emissions,$484
CHS,NYC,CHS,EWR,11:09 AM,1:08 PM,United,,1 hr 59 min,Nonstop,106 kg CO2e,-13% emissions,$509
CHS,NYC,CHS,LGA,11:20 AM,1:22 PM,Delta,Endeavor Air DBA Delta Connection,2 hr 2 min,Nonstop,151 kg CO2e,+24% emissions,$589
CHS,NYC,CHS,LGA,11:32 AM,1:41 PM,American,Republic Airways as American Eagle,2 hr 9 min,Nonstop,208 kg CO2e,+70% emissions,$964
CHS,NYC,CHS,EWR,12:08 PM,1:59 PM,Spirit,,1 hr 51 min,Nonstop,115 kg CO2e,-6% emissions,$374
CHS,NYC,CHS,JFK,1:03 PM,3:09 PM,Delta,Endeavor Air DBA Delta Connection,2 hr 6 min,Nonstop,155 kg CO2e,+27% emissions,$689
CHS,NYC,CHS,LGA,3:45 PM,5:48 PM,Delta,,2 hr 3 min,Nonstop,124 kg CO2e,Avg emissions,$479
CHS,NYC,CHS,LGA,5:04 PM,7:17 PM,American,Republic Airways as American Eagle,2 hr 13 min,Nonstop,156 kg CO2e,+28% emissions,$519
CHS,NYC,CHS,JFK,5:55 PM,7:57 PM,JetBlue,,2 hr 2 min,Nonstop,130 kg CO2e,+7% emissions,$484
CHS,NYC,CHS,JFK,5:55 PM,8:04 PM,Delta,Endeavor Air DBA Delta Connection,2 hr 9 min,Nonstop,155 kg CO2e,+27% emissions,$689
CHS,NYC,CHS,LGA,6:55 PM,9:01 PM,Delta,Endeavor Air DBA Delta Connection,2 hr 6 min,Nonstop,151 kg CO2e,+24% emissions,$479
CHS,NYC,CHS,EWR,7:50 PM,10:00 PM,United,,2 hr 10 min,Nonstop,94 kg CO2e,-23% emissions,$470
CHS,ORD,CHS,ORD,6:00 AM,7:34 AM,United,,2 hr 34 min,Nonstop,147 kg CO2e,Avg emissions,$225
CHS,ORD,CHS,ORD,7:07 AM,8:47 AM,American,,2 hr 40 min,Nonstop,105 kg CO2e,-31% emissions,$195
CHS,ORD,CHS,ORD,12:29 PM,2:05 PM,American,,2 hr 36 min,Nonstop,125 kg CO2e,-18% emissions,$410
CHS,ORD,CHS,ORD,1:19 PM,2:55 PM,United,,2 hr 36 min,Nonstop,122 kg CO2e,-20% emissions,$401
CHS,ORD,CHS,ORD,5:08 PM,6:45 PM,United,,2 hr 37 min,Nonstop,147 kg CO2e,Avg emissions,$345
CHS,ORD,CHS,ORD,6:32 PM,8:25 PM,American,Republic Airways as American Eagle,2 hr 53 min,Nonstop,146 kg CO2e,Avg emissions,$322
CHS,ORD,CHS,ORD,6:53 PM,8:40 PM,United,SkyWest DBA United Express,2 hr 47 min,Nonstop,159 kg CO2e,Avg emissions,$420
NYC,AUS,EWR,AUS,5:30 AM,8:20 AM,Spirit,,3 hr 50 min,Nonstop,192 kg CO2e,-24% emissions,$94
NYC,AUS,EWR,AUS,6:30 AM,9:30 AM,United,,4 hr,Nonstop,167 kg CO2e,-34% emissions,$169
NYC,AUS,JFK,AUS,7:05 AM,10:10 AM,Delta,,4 hr 5 min,Nonstop,171 kg CO2e,-32% emissions,$169
NYC,AUS,JFK,AUS,7:29 AM,10:45 AM,American,,4 hr 16 min,Nonstop,171 kg CO2e,-32% emissions,$169
NYC,AUS,EWR,AUS,11:27 AM,2:32 PM,United,,4 hr 5 min,Nonstop,201 kg CO2e,-21% emissions,$220
NYC,AUS,JFK,AUS,11:29 AM,2:45 PM,Delta,,4 hr 16 min,Nonstop,199 kg CO2e,-21% emissions,$219
NYC,AUS,JFK,AUS,12:40 PM,3:58 PM,American,,4 hr 18 min,Nonstop,201 kg CO2e,-21% emissions,$189
NYC,AUS,JFK,AUS,1:29 PM,4:41 PM,Delta,,4 hr 12 min,Nonstop,199 kg CO2e,-21% emissions,$209
NYC,AUS,EWR,AUS,1:29 PM,4:32 PM,United,,4 hr 3 min,Nonstop,167 kg CO2e,-34% emissions,$225
NYC,AUS,EWR,AUS,3:10 PM,6:13 PM,Spirit,,4 hr 3 min,Nonstop,192 kg CO2e,-24% emissions,$94
NYC,AUS,JFK,AUS,5:55 PM,9:10 PM,Delta,,4 hr 15 min,Nonstop,199 kg CO2e,-21% emissions,$209
NYC,AUS,JFK,AUS,6:00 PM,9:22 PM,American,,4 hr 22 min,Nonstop,171 kg CO2e,-32% emissions,$189
NYC,AUS,EWR,AUS,6:15 PM,9:32 PM,United,,4 hr 17 min,Nonstop,167 kg CO2e,-34% emissions,$225
NYC,AUS,EWR,AUS,8:22 PM,11:41 PM,United,,4 hr 19 min,Nonstop,233 kg CO2e,-8% emissions,$182
NYC,BNA,EWR,BNA,6:00 AM,7:29 AM,United,,2 hr 29 min,Nonstop,95 kg CO2e,,$89
NYC,BNA,LGA,BNA,6:55 AM,8:25 AM,Southwest,,2 hr 30 min,Nonstop,117 kg CO2e,,$89
NYC,BNA,LGA,BNA,7:15 AM,8:52 AM,Delta,Endeavor Air DBA Delta Connection,2 hr 37 min,Nonstop,162 kg CO2e,,$79
NYC,BNA,JFK,BNA,7:44 AM,9:20 AM,Delta,Endeavor Air DBA Delta Connection,2 hr 36 min,Nonstop,175 kg CO2e,,$94
NYC,BNA,JFK,BNA,7:45 AM,9:13 AM,JetBlue,,2 hr 28 min,Nonstop,142 kg CO2e,,$89
NYC,BNA,JFK,BNA,8:29 AM,10:12 AM,American,Republic Airways as American Eagle,2 hr 43 min,Nonstop,161 kg CO2e,,$119
NYC,BNA,EWR,BNA,9:35 AM,11:19 AM,United,Republic Airways DBA United Express,2 hr 44 min,Nonstop,151 kg CO2e,,$325
NYC,BNA,LGA,BNA,10:05 AM,11:40 AM,Southwest,,2 hr 35 min,Nonstop,137 kg CO2e,,$183
NYC,BNA,LGA,BNA,10:40 AM,12:13 PM,Delta,Endeavor Air DBA Delta Connection,2 hr 33 min,Nonstop,162 kg CO2e,,$229
NYC,BNA,EWR,BNA,11:29 AM,1:02 PM,United,,2 hr 33 min,Nonstop,140 kg CO2e,,$233
NYC,BNA,JFK,BNA,11:31 AM,1:07 PM,Delta,Endeavor Air DBA Delta Connection,2 hr 36 min,Nonstop,175 kg CO2e,,$309
NYC,BNA,LGA,BNA,11:56 AM,1:38 PM,American,Republic Airways as American Eagle,2 hr 42 min,Nonstop,159 kg CO2e,,$154
NYC,BNA,LGA,BNA,1:55 PM,3:28 PM,Delta,,2 hr 33 min,Nonstop,134 kg CO2e,,$229
NYC,BNA,EWR,BNA,2:00 PM,3:23 PM,United,,2 hr 23 min,Nonstop,134 kg CO2e,,$190
NYC,BNA,LGA,BNA,3:40 PM,5:27 PM,American,Republic Airways as American Eagle,2 hr 47 min,Nonstop,159 kg CO2e,,$129
NYC,BNA,LGA,BNA,3:45 PM,5:25 PM,Southwest,,2 hr 40 min,Nonstop,117 kg CO2e,,$223
NYC,BNA,JFK,BNA,3:59 PM,5:52 PM,American,Republic Airways as American Eagle,2 hr 53 min,Nonstop,161 kg CO2e,,$196
NYC,BNA,JFK,BNA,3:59 PM,5:47 PM,Delta,Endeavor Air DBA Delta Connection,2 hr 48 min,Nonstop,175 kg CO2e,,$344
NYC,BNA,EWR,BNA,4:07 PM,5:28 PM,United,,2 hr 21 min,Nonstop,113 kg CO2e,,$408
NYC,BNA,LGA,BNA,5:05 PM,6:50 PM,Delta,Endeavor Air DBA Delta Connection,2 hr 45 min,Nonstop,162 kg CO2e,,$289
NYC,BNA,LGA,BNA,5:50 PM,7:30 PM,Southwest,,2 hr 40 min,Nonstop,137 kg CO2e,,$209
NYC,BNA,LGA,BNA,7:05 PM,8:46 PM,Delta,Endeavor Air DBA Delta Connection,2 hr 41 min,Nonstop,162 kg CO2e,,$129
NYC,BNA,JFK,BNA,7:55 PM,9:45 PM,Delta,Endeavor Air DBA Delta Connection,2 hr 50 min,Nonstop,175 kg CO2e,,$169
NYC,BNA,EWR,BNA,7:59 PM,9:37 PM,United,,2 hr 38 min,Nonstop,100 kg CO2e,,$176
NYC,BNA,LGA,BNA,8:49 PM,10:32 PM,American,Republic Airways as American Eagle,2 hr 43 min,Nonstop,159 kg CO2e,,$129
NYC,BNA,LGA,BNA,9:25 PM,11:05 PM,Southwest,,2 hr 40 min,Nonstop,103 kg CO2e,,$94
NYC,CHS,EWR,CHS,7:00 AM,9:10 AM,United,,2 hr 10 min,Nonstop,110 kg CO2e,-15% emissions,$109
NYC,CHS,JFK,CHS,8:04 AM,10:15 AM,JetBlue,,2 hr 11 min,Nonstop,136 kg CO2e,Avg emissions,$99
NYC,CHS,LGA,CHS,8:25 AM,10:39 AM,Delta,Endeavor Air DBA Delta Connection,2 hr 14 min,Nonstop,145 kg CO2e,+12% emissions,$99
NYC,CHS,LGA,CHS,8:35 AM,11:02 AM,American,Republic Airways as American Eagle,2 hr 27 min,Nonstop,139 kg CO2e,+8% emissions,$89
NYC,CHS,EWR,CHS,9:05 AM,11:13 AM,Spirit,,2 hr 8 min,Nonstop,112 kg CO2e,-13% emissions,$62
NYC,CHS,JFK,CHS,9:55 AM,12:12 PM,Delta,Endeavor Air DBA Delta Connection,2 hr 17 min,Nonstop,155 kg CO2e,+20% emissions,$219
NYC,CHS,LGA,CHS,12:29 PM,2:47 PM,Delta,,2 hr 18 min,Nonstop,119 kg CO2e,-8% emissions,$139
NYC,CHS,LGA,CHS,2:04 PM,4:33 PM,American,Republic Airways as American Eagle,2 hr 29 min,Nonstop,156 kg CO2e,+21% emissions,$89
NYC,CHS,JFK,CHS,2:45 PM,4:57 PM,JetBlue,,2 hr 12 min,Nonstop,136 kg CO2e,Avg emissions,$99
NYC,CHS,JFK,CHS,2:47 PM,5:12 PM,Delta,Endeavor Air DBA Delta Connection,2 hr 25 min,Nonstop,155 kg CO2e,+20% emissions,$129
NYC,CHS,LGA,CHS,3:50 PM,6:15 PM,Delta,Endeavor Air DBA Delta Connection,2 hr 25 min,Nonstop,145 kg CO2e,+12% emissions,$99
NYC,CHS,EWR,CHS,4:30 PM,6:41 PM,United,,2 hr 11 min,Nonstop,97 kg CO2e,-25% emissions,$126
NYC,CHS,JFK,CHS,6:23 PM,8:49 PM,Delta,Endeavor Air DBA Delta Connection,2 hr 26 min,Nonstop,144 kg CO2e,+12% emissions,$319
NYC,CHS,LGA,CHS,6:30 PM,8:56 PM,American,Republic Airways as American Eagle,2 hr 26 min,Nonstop,139 kg CO2e,+8% emissions,$89
NYC,CHS,LGA,CHS,7:00 PM,9:23 PM,Delta,Endeavor Air DBA Delta Connection,2 hr 23 min,Nonstop,145 kg CO2e,+12% emissions,$99
NYC,CHS,EWR,CHS,9:44 PM,11:59 PM,United,,2 hr 15 min,Nonstop,92 kg CO2e,-29% emissions,$109
NYC,ORD,JFK,ORD,6:00 AM,7:41 AM,JetBlue,,2 hr 41 min,Nonstop,145 kg CO2e,,$109
NYC,ORD,EWR,ORD,6:00 AM,7:44 AM,United,,2 hr 44 min,Nonstop,151 kg CO2e,,$109
NYC,ORD,LGA,ORD,6:10 AM,7:49 AM,United,,2 hr 39 min,Nonstop,117 kg CO2e,,$109
NYC,ORD,EWR,ORD,6:35 AM,8:25 AM,American,,2 hr 50 min,Nonstop,114 kg CO2e,,$109
NYC,ORD,LGA,ORD,6:38 AM,8:31 AM,American,,2 hr 53 min,Nonstop,115 kg CO2e,,$99
NYC,ORD,EWR,ORD,7:00 AM,8:43 AM,United,,2 hr 43 min,Nonstop,91 kg CO2e,,$109
NYC,ORD,LGA,ORD,7:10 AM,8:49 AM,United,,2 hr 39 min,Nonstop,117 kg CO2e,,$109
NYC,ORD,EWR,ORD,7:10 AM,9:02 AM,American,,2 hr 52 min,Nonstop,98 kg CO2e,,$109
NYC,ORD,LGA,ORD,7:29 AM,9:22 AM,American,,2 hr 53 min,Nonstop,115 kg CO2e,,$99
NYC,ORD,LGA,ORD,7:30 AM,9:11 AM,Delta,,2 hr 41 min,Nonstop,118 kg CO2e,,$99
NYC,ORD,EWR,ORD,7:30 AM,9:14 AM,United,,2 hr 44 min,Nonstop,90 kg CO2e,,$109
NYC,ORD,JFK,ORD,7:50 AM,9:44 AM,Delta,Endeavor Air DBA Delta Connection,2 hr 54 min,Nonstop,180 kg CO2e,,$159
NYC,ORD,LGA,ORD,8:05 AM,9:44 AM,United,,2 hr 39 min,Nonstop,117 kg CO2e,,$109
NYC,ORD,LGA,ORD,8:29 AM,10:17 AM,American,,2 hr 48 min,Nonstop,115 kg CO2e,,$139
NYC,ORD,LGA,ORD,8:50 AM,10:39 AM,Delta,,2 hr 49 min,Nonstop,130 kg CO2e,,$119
NYC,ORD,JFK,ORD,9:03 AM,10:58 AM,American,,2 hr 55 min,Nonstop,124 kg CO2e,,$127
NYC,ORD,EWR,ORD,9:10 AM,10:53 AM,United,,2 hr 43 min,Nonstop,109 kg CO2e,,$156
NYC,ORD,LGA,ORD,9:10 AM,10:55 AM,United,,2 hr 45 min,Nonstop,100 kg CO2e,,$159
NYC,ORD,EWR,ORD,10:08 AM,11:42 AM,Spirit,,2 hr 34 min,Nonstop,121 kg CO2e,,$84
NYC,ORD,LGA,ORD,10:15 AM,12:00 PM,United,,2 hr 45 min,Nonstop,100 kg CO2e,,$172
NYC,ORD,EWR,ORD,10:24 AM,12:08 PM,United,,2 hr 44 min,Nonstop,90 kg CO2e,,$150
NYC,ORD,LGA,ORD,10:30 AM,12:17 PM,American,,2 hr 47 min,Nonstop,138 kg CO2e,,$164
NYC,ORD,JFK,ORD,10:30 AM,12:16 PM,Delta,Endeavor Air DBA Delta Connection,2 hr 46 min,Nonstop,180 kg CO2e,,$319
NYC,ORD,EWR,ORD,10:42 AM,12:28 PM,American,Envoy Air as American Eagle,2 hr 46 min,Nonstop,178 kg CO2e,,$188
NYC,ORD,LGA,ORD,11:20 AM,1:02 PM,United,,2 hr 42 min,Nonstop,117 kg CO2e,,$180
NYC,ORD,LGA,ORD,11:29 AM,1:14 PM,Delta,,2 hr 45 min,Nonstop,118 kg CO2e,,$189
NYC,ORD,EWR,ORD,11:37 AM,1:15 PM,United,,2 hr 38 min,Nonstop,109 kg CO2e,,$170
NYC,ORD,LGA,ORD,12:00 PM,1:49 PM,American,,2 hr 49 min,Nonstop,115 kg CO2e,,$164
NYC,ORD,JFK,ORD,12:10 PM,2:13 PM,American,Republic Airways as American Eagle,3 hr 3 min,Nonstop,172 kg CO2e,,$208
NYC,ORD,EWR,ORD,1:04 PM,2:40 PM,United,,2 hr 36 min,Nonstop,109 kg CO2e,,$170
NYC,ORD,LGA,ORD,1:10 PM,2:55 PM,United,,2 hr 45 min,Nonstop,100 kg CO2e,,$228
NYC,ORD,EWR,ORD,2:00 PM,3:47 PM,American,Envoy Air as American Eagle,2 hr 47 min,Nonstop,159 kg CO2e,,$220
NYC,ORD,LGA,ORD,2:10 PM,3:55 PM,United,,2 hr 45 min,Nonstop,117 kg CO2e,,$309
NYC,ORD,LGA,ORD,2:12 PM,4:04 PM,American,,2 hr 52 min,Nonstop,115 kg CO2e,,$214
NYC,ORD,EWR,ORD,2:36 PM,4:17 PM,United,,2 hr 41 min,Nonstop,109 kg CO2e,,$159
NYC,ORD,LGA,ORD,2:45 PM,4:34 PM,Delta,,2 hr 49 min,Nonstop,118 kg CO2e,,$189
NYC,ORD,JFK,ORD,2:59 PM,5:04 PM,American,Republic Airways as American Eagle,3 hr 5 min,Nonstop,172 kg CO2e,,$157
NYC,ORD,EWR,ORD,3:15 PM,4:55 PM,United,,2 hr 40 min,Nonstop,91 kg CO2e,,$221
NYC,ORD,LGA,ORD,3:20 PM,5:05 PM,United,,2 hr 45 min,Nonstop,117 kg CO2e,,$228
NYC,ORD,JFK,ORD,3:45 PM,5:49 PM,Delta,Endeavor Air DBA Delta Connection,3 hr 4 min,Nonstop,167 kg CO2e,,$429
NYC,ORD,LGA,ORD,4:05 PM,6:07 PM,Delta,,3 hr 2 min,Nonstop,130 kg CO2e,,$189
NYC,ORD,LGA,ORD,4:12 PM,6:14 PM,American,,3 hr 2 min,Nonstop,115 kg CO2e,,$184
NYC,ORD,LGA,ORD,4:29 PM,6:14 PM,United,,2 hr 45 min,Nonstop,100 kg CO2e,,$212
NYC,ORD,EWR,ORD,4:45 PM,6:26 PM,United,,2 hr 41 min,Nonstop,109 kg CO2e,,$221
NYC,ORD,LGA,ORD,5:10 PM,7:09 PM,Delta,,2 hr 59 min,Nonstop,130 kg CO2e,,$239
NYC,ORD,LGA,ORD,5:15 PM,7:00 PM,United,,2 hr 45 min,Nonstop,117 kg CO2e,,$400
NYC,ORD,EWR,ORD,5:20 PM,7:20 PM,American,,3 hr,Nonstop,114 kg CO2e,,$149
NYC,ORD,LGA,ORD,5:55 PM,7:57 PM,American,,3 hr 2 min,Nonstop,115 kg CO2e,,$164
NYC,ORD,LGA,ORD,6:15 PM,7:57 PM,Spirit,,2 hr 42 min,Nonstop,122 kg CO2e,,$89
NYC,ORD,LGA,ORD,6:22 PM,8:07 PM,United,,2 hr 45 min,Nonstop,117 kg CO2e,,$180
NYC,ORD,LGA,ORD,6:50 PM,8:46 PM,Delta,,2 hr 56 min,Nonstop,130 kg CO2e,,$159
NYC,ORD,EWR,ORD,6:50 PM,8:38 PM,United,,2 hr 48 min,Nonstop,151 kg CO2e,,$221
NYC,ORD,LGA,ORD,7:10 PM,9:04 PM,American,,2 hr 54 min,Nonstop,115 kg CO2e,,$139
NYC,ORD,LGA,ORD,7:20 PM,9:05 PM,United,,2 hr 45 min,Nonstop,117 kg CO2e,,$172
NYC,ORD,JFK,ORD,7:35 PM,9:36 PM,Delta,Republic Airways Delta Connection,3 hr 1 min,Nonstop,162 kg CO2e,,$319
NYC,ORD,EWR,ORD,7:52 PM,9:40 PM,United,,2 hr 48 min,Nonstop,90 kg CO2e,,$166
NYC,ORD,LGA,ORD,8:29 PM,10:17 PM,American,,2 hr 48 min,Nonstop,115 kg CO2e,,$139
NYC,ORD,LGA,ORD,8:35 PM,10:20 PM,United,,2 hr 45 min,Nonstop,117 kg CO2e,,$159
NYC,ORD,LGA,ORD,8:45 PM,10:36 PM,Delta,,2 hr 51 min,Nonstop,118 kg CO2e,,$139
NYC,ORD,LGA,ORD,9:15 PM,11:00 PM,United,,2 hr 45 min,Nonstop,100 kg CO2e,,$125
NYC,ORD,EWR,ORD,9:50 PM,11:37 PM,United,,2 hr 47 min,Nonstop,109 kg CO2e,,$127
ORD,AUS,ORD,AUS,7:05 AM,10:10 AM,United,,3 hr 5 min,Nonstop,182 kg CO2e,-9% emissions,$202
ORD,AUS,ORD,AUS,7:10 AM,10:06 AM,American,,2 hr 56 min,Nonstop,151 kg CO2e,-24% emissions,$129
ORD,AUS,ORD,AUS,9:15 AM,12:21 PM,United,,3 hr 6 min,Nonstop,158 kg CO2e,-21% emissions,$202
ORD,AUS,ORD,AUS,11:05 AM,1:59 PM,American,,2 hr 54 min,Nonstop,180 kg CO2e,-10% emissions,$179
ORD,AUS,ORD,AUS,11:10 AM,2:13 PM,United,,3 hr 3 min,Nonstop,190 kg CO2e,Avg emissions,$202
ORD,AUS,ORD,AUS,1:16 PM,4:19 PM,United,,3 hr 3 min,Nonstop,158 kg CO2e,-21% emissions,$202
ORD,AUS,ORD,AUS,2:52 PM,5:49 PM,American,,2 hr 57 min,Nonstop,151 kg CO2e,-24% emissions,$179
ORD,AUS,ORD,AUS,3:45 PM,6:40 PM,Southwest,,2 hr 55 min,Nonstop,152 kg CO2e,-24% emissions,$192
ORD,AUS,ORD,AUS,7:45 PM,10:49 PM,United,,3 hr 4 min,Nonstop,171 kg CO2e,-14% emissions,$202
ORD,AUS,ORD,AUS,8:54 PM,11:51 PM,American,,2 hr 57 min,Nonstop,180 kg CO2e,-10% emissions,$179
ORD,BNA,ORD,BNA,6:49 AM,8:36 AM,American,SkyWest Airlines as American Eagle,1 hr 47 min,Nonstop,132 kg CO2e,+38% emissions,$169
ORD,BNA,ORD,BNA,7:05 AM,8:53 AM,United,,1 hr 48 min,Nonstop,86 kg CO2e,-10% emissions,$179
ORD,BNA,ORD,BNA,8:10 AM,9:54 AM,American,Envoy Air as American Eagle,1 hr 44 min,Nonstop,108 kg CO2e,+13% emissions,$169
ORD,BNA,ORD,BNA,9:00 AM,10:48 AM,United,,1 hr 48 min,Nonstop,94 kg CO2e,Avg emissions,$179
ORD,BNA,ORD,BNA,10:40 AM,12:26 PM,United,,1 hr 46 min,Nonstop,78 kg CO2e,-19% emissions,$179
ORD,BNA,ORD,BNA,11:01 AM,12:42 PM,American,Envoy Air as American Eagle,1 hr 41 min,Nonstop,125 kg CO2e,+30% emissions,$169
ORD,BNA,ORD,BNA,12:41 PM,2:24 PM,American,Republic Airways as American Eagle,1 hr 43 min,Nonstop,108 kg CO2e,+13% emissions,$169
ORD,BNA,ORD,BNA,2:10 PM,4:05 PM,United,SkyWest DBA United Express,1 hr 55 min,Nonstop,102 kg CO2e,+6% emissions,$205
ORD,BNA,ORD,BNA,2:40 PM,4:20 PM,Southwest,,1 hr 40 min,Nonstop,93 kg CO2e,Avg emissions,$169
ORD,BNA,ORD,BNA,2:49 PM,4:34 PM,American,Envoy Air as American Eagle,1 hr 45 min,Nonstop,108 kg CO2e,+13% emissions,$200
ORD,BNA,ORD,BNA,3:37 PM,5:24 PM,United,,1 hr 47 min,Nonstop,86 kg CO2e,-10% emissions,$179
ORD,BNA,ORD,BNA,4:24 PM,6:11 PM,American,Envoy Air as American Eagle,1 hr 47 min,Nonstop,108 kg CO2e,+13% emissions,$169
ORD,BNA,ORD,BNA,5:06 PM,6:53 PM,American,Envoy Air as American Eagle,1 hr 47 min,Nonstop,108 kg CO2e,+13% emissions,$169
ORD,BNA,ORD,BNA,6:10 PM,7:56 PM,United,,1 hr 46 min,Nonstop,98 kg CO2e,Avg emissions,$179
ORD,BNA,ORD,BNA,7:54 PM,9:41 PM,American,SkyWest Airlines as American Eagle,1 hr 47 min,Nonstop,132 kg CO2e,+38% emissions,$169
ORD,BNA,ORD,BNA,8:10 PM,9:57 PM,United,,1 hr 47 min,Nonstop,70 kg CO2e,-27% emissions,$179
ORD,BNA,ORD,BNA,10:00 PM,11:43 PM,United,,1 hr 43 min,Nonstop,70 kg CO2e,-27% emissions,$179
ORD,BNA,ORD,BNA,10:19 PM,11:59 PM,American,Envoy Air as American Eagle,1 hr 40 min,Nonstop,108 kg CO2e,+13% emissions,$169
ORD,CHS,ORD,CHS,8:31 AM,11:49 AM,AmericanAlaska,,2 hr 18 min,Nonstop,139 kg CO2e,-11% emissions,$195
ORD,CHS,ORD,CHS,9:00 AM,12:17 PM,United,,2 hr 17 min,Nonstop,132 kg CO2e,-16% emissions,$205
ORD,CHS,ORD,CHS,10:30 AM,1:51 PM,United,,2 hr 21 min,Nonstop,152 kg CO2e,Avg emissions,$205
ORD,CHS,ORD,CHS,2:36 PM,6:02 PM,American,Republic Airways as American Eagle,2 hr 26 min,Nonstop,161 kg CO2e,Avg emissions,$195
ORD,CHS,ORD,CHS,2:35 PM,6:02 PM,United,SkyWest DBA United Express,2 hr 27 min,Nonstop,172 kg CO2e,+10% emissions,$205
ORD,CHS,ORD,CHS,4:20 PM,7:39 PM,United,,2 hr 19 min,Nonstop,159 kg CO2e,Avg emissions,$205
ORD,CHS,ORD,CHS,7:49 PM,11:06 PM,AmericanAlaska,,2 hr 17 min,Nonstop,116 kg CO2e,-26% emissions,$195
ORD,NYC,ORD,EWR,5:00 AM,8:12 AM,United,,2 hr 12 min,Nonstop,87 kg CO2e,,$159
ORD,NYC,ORD,EWR,6:00 AM,9:12 AM,United,,2 hr 12 min,Nonstop,87 kg CO2e,,$109
ORD,NYC,ORD,LGA,6:00 AM,9:13 AM,United,,2 hr 13 min,Nonstop,97 kg CO2e,,$125
ORD,NYC,ORD,LGA,6:02 AM,9:14 AM,American,,2 hr 12 min,Nonstop,135 kg CO2e,,$99
ORD,NYC,ORD,JFK,6:07 AM,9:30 AM,Delta,Republic Airways Delta Connection,2 hr 23 min,Nonstop,217 kg CO2e,,$259
ORD,NYC,ORD,EWR,6:51 AM,10:12 AM,American,Envoy Air as American Eagle,2 hr 21 min,Nonstop,167 kg CO2e,,$149
ORD,NYC,ORD,LGA,7:00 AM,10:16 AM,American,,2 hr 16 min,Nonstop,113 kg CO2e,,$139
ORD,NYC,ORD,LGA,7:00 AM,10:18 AM,United,,2 hr 18 min,Nonstop,113 kg CO2e,,$159
ORD,NYC,ORD,EWR,7:00 AM,10:20 AM,United,,2 hr 20 min,Nonstop,106 kg CO2e,,$156
ORD,NYC,ORD,LGA,7:05 AM,10:21 AM,Delta,,2 hr 16 min,Nonstop,120 kg CO2e,,$139
ORD,NYC,ORD,LGA,8:00 AM,11:18 AM,United,,2 hr 18 min,Nonstop,97 kg CO2e,,$228
ORD,NYC,ORD,JFK,8:01 AM,11:30 AM,American,Republic Airways as American Eagle,2 hr 29 min,Nonstop,165 kg CO2e,,$208
ORD,NYC,ORD,JFK,8:31 AM,11:49 AM,JetBlue,,2 hr 18 min,Nonstop,146 kg CO2e,,$195
ORD,NYC,ORD,LGA,8:50 AM,12:08 PM,United,,2 hr 18 min,Nonstop,97 kg CO2e,,$228
ORD,NYC,ORD,LGA,8:55 AM,12:11 PM,American,,2 hr 16 min,Nonstop,113 kg CO2e,,$164
ORD,NYC,ORD,EWR,9:05 AM,12:26 PM,United,,2 hr 21 min,Nonstop,147 kg CO2e,,$221
ORD,NYC,ORD,LGA,9:44 AM,1:00 PM,Delta,,2 hr 16 min,Nonstop,132 kg CO2e,,$319
ORD,NYC,ORD,LGA,10:02 AM,1:17 PM,American,,2 hr 15 min,Nonstop,113 kg CO2e,,$184
ORD,NYC,ORD,LGA,10:00 AM,1:18 PM,United,,2 hr 18 min,Nonstop,113 kg CO2e,,$309
ORD,NYC,ORD,EWR,10:10 AM,1:30 PM,American,Envoy Air as American Eagle,2 hr 20 min,Nonstop,148 kg CO2e,,$188
ORD,NYC,ORD,JFK,10:24 AM,1:38 PM,Delta,Endeavor Air DBA Delta Connection,2 hr 14 min,Nonstop,242 kg CO2e,,$364
ORD,NYC,ORD,LGA,10:45 AM,1:57 PM,Delta,,2 hr 12 min,Nonstop,120 kg CO2e,,$409
ORD,NYC,ORD,EWR,10:40 AM,2:00 PM,United,,2 hr 20 min,Nonstop,88 kg CO2e,,$349
ORD,NYC,ORD,LGA,11:00 AM,2:18 PM,United,,2 hr 18 min,Nonstop,113 kg CO2e,,$257
ORD,NYC,ORD,JFK,11:22 AM,2:51 PM,American,Republic Airways as American Eagle,2 hr 29 min,Nonstop,165 kg CO2e,,$208
ORD,NYC,ORD,LGA,11:54 AM,3:09 PM,American,,2 hr 15 min,Nonstop,113 kg CO2e,,$214
ORD,NYC,ORD,LGA,12:00 PM,3:18 PM,United,,2 hr 18 min,Nonstop,97 kg CO2e,,$257
ORD,NYC,ORD,EWR,12:00 PM,3:21 PM,United,,2 hr 21 min,Nonstop,106 kg CO2e,,$392
ORD,NYC,ORD,LGA,12:15 PM,3:32 PM,Delta,,2 hr 17 min,Nonstop,132 kg CO2e,,$409
ORD,NYC,ORD,EWR,12:47 PM,3:54 PM,Spirit,,2 hr 7 min,Nonstop,117 kg CO2e,,$99
ORD,NYC,ORD,LGA,12:50 PM,4:08 PM,United,,2 hr 18 min,Nonstop,113 kg CO2e,,$309
ORD,NYC,ORD,JFK,12:59 PM,4:22 PM,Delta,Endeavor Air DBA Delta Connection,2 hr 23 min,Nonstop,242 kg CO2e,,$509
ORD,NYC,ORD,EWR,1:07 PM,4:30 PM,American,,2 hr 23 min,Nonstop,107 kg CO2e,,$220
ORD,NYC,ORD,EWR,1:06 PM,4:30 PM,United,,2 hr 24 min,Nonstop,106 kg CO2e,,$465
ORD,NYC,ORD,LGA,1:39 PM,4:58 PM,American,,2 hr 19 min,Nonstop,113 kg CO2e,,$342
ORD,NYC,ORD,LGA,1:55 PM,5:13 PM,United,,2 hr 18 min,Nonstop,113 kg CO2e,,$309
ORD,NYC,ORD,LGA,2:09 PM,5:20 PM,Spirit,,2 hr 11 min,Nonstop,120 kg CO2e,,$109
ORD,NYC,ORD,LGA,2:41 PM,6:00 PM,American,,2 hr 19 min,Nonstop,113 kg CO2e,,$278
ORD,NYC,ORD,LGA,2:45 PM,6:00 PM,Delta,,2 hr 15 min,Nonstop,120 kg CO2e,,$539
ORD,NYC,ORD,EWR,2:40 PM,6:05 PM,United,,2 hr 25 min,Nonstop,87 kg CO2e,,$590
ORD,NYC,ORD,LGA,3:00 PM,6:18 PM,United,,2 hr 18 min,Nonstop,113 kg CO2e,,$257
ORD,NYC,ORD,EWR,3:47 PM,7:12 PM,United,,2 hr 25 min,Nonstop,106 kg CO2e,,$392
ORD,NYC,ORD,LGA,4:00 PM,7:18 PM,United,,2 hr 18 min,Nonstop,113 kg CO2e,,$601
ORD,NYC,ORD,JFK,3:57 PM,7:29 PM,American,,2 hr 32 min,Nonstop,119 kg CO2e,,$208
ORD,NYC,ORD,EWR,4:07 PM,7:29 PM,American,,2 hr 22 min,Nonstop,107 kg CO2e,,$220
ORD,NYC,ORD,EWR,4:30 PM,7:55 PM,United,,2 hr 25 min,Nonstop,87 kg CO2e,,$309
ORD,NYC,ORD,LGA,5:00 PM,8:18 PM,United,,2 hr 18 min,Nonstop,113 kg CO2e,,$309
ORD,NYC,ORD,LGA,5:38 PM,8:59 PM,American,,2 hr 21 min,Nonstop,113 kg CO2e,,$354
ORD,NYC,ORD,LGA,5:50 PM,9:02 PM,Delta,,2 hr 12 min,Nonstop,120 kg CO2e,,$539
ORD,NYC,ORD,LGA,6:00 PM,9:18 PM,United,,2 hr 18 min,Nonstop,97 kg CO2e,,$309
ORD,NYC,ORD,EWR,6:15 PM,9:39 PM,United,,2 hr 24 min,Nonstop,88 kg CO2e,,$465
ORD,NYC,ORD,LGA,6:30 PM,9:53 PM,United,,2 hr 23 min,Nonstop,113 kg CO2e,,$429
ORD,NYC,ORD,LGA,6:45 PM,9:59 PM,American,,2 hr 14 min,Nonstop,113 kg CO2e,,$354
ORD,NYC,ORD,JFK,6:31 PM,10:00 PM,Delta,Endeavor Air DBA Delta Connection,2 hr 29 min,Nonstop,224 kg CO2e,,$364
ORD,NYC,ORD,EWR,7:05 PM,10:28 PM,American,,2 hr 23 min,Nonstop,92 kg CO2e,,$188
ORD,NYC,ORD,LGA,7:10 PM,10:32 PM,Delta,,2 hr 22 min,Nonstop,132 kg CO2e,,$319
ORD,NYC,ORD,EWR,7:45 PM,11:04 PM,United,,2 hr 19 min,Nonstop,106 kg CO2e,,$349
ORD,NYC,ORD,LGA,8:00 PM,11:23 PM,United,,2 hr 23 min,Nonstop,113 kg CO2e,,$228
ORD,NYC,ORD,LGA,8:20 PM,11:38 PM,American,,2 hr 18 min,Nonstop,113 kg CO2e,,$214
ORD,NYC,ORD,LGA,8:20 PM,11:44 PM,Delta,,2 hr 24 min,Nonstop,132 kg CO2e,,$239
ORD,NYC,ORD,EWR,10:10 PM,1:30 AM+1,United,,2 hr 20 min,Nonstop,147 kg CO2e,,$309
